nz,d_dim,lr,lr_adv,lam,batch_size,Epoch,Train AUC,Train Accuracy,Train F1,Train Recall,Train Precision,Train W_distance,Train critic_loss,Train gen_loss,Train total_loss,Val AUC,Val Accuracy,Val F1,Val Recall,Val Precision,Val W_distance,Val critic_loss,Val gen_loss,Val total_loss,Test AUC,Test Accuracy,Test F1,Test Recall,Test Precision,Test W_distance,Test critic_loss,Test gen_loss,Test total_loss,Iteration
100,100,1e-05,2.0000000000000003e-06,0.001,"[256, 28]",3,0.500144127491928,0.5254971590909091,0.1968986657050126,0.4803519061583577,0.1238282431206531,-0.0078432538292624,42.22217773090709,0.6329129023985429,0.6412358659570866,0.5085591790875092,0.7688207861425717,0.158447857720291,0.1852551984877126,0.1384180790960452,-0.0109500885009765,0.0109500885009765,0.596889078617096,0.5969000458717346,0.4980458348753034,0.521021021021021,0.5915492957746479,0.7151702786377709,0.5043668122270742,-0.010621502995491,0.010621502995491,0.6947581768035889,0.6947687864303589,<built-in function iter>
100,100,1e-05,2.0000000000000003e-06,0.001,"[256, 28]",1,0.4973219575222707,0.6056818181818182,0.1806375442739079,0.3722627737226277,0.1192517537022603,-0.0033621617762202,36.30164396979592,0.7557193691080267,0.7628788557746191,0.5054382135709049,0.2953586497890295,0.2171231186775228,0.8239700374531835,0.1250355214549588,-0.0052764108404517,0.0052764108404517,0.7457501888275146,0.7457554936408997,0.4467591547897355,0.527027027027027,0.5977011494252874,0.7244582043343654,0.508695652173913,-0.0045877047814428,0.0045877047814428,0.6982072591781616,0.6982118487358093,<built-in function iter>
100,100,1e-05,2.0000000000000003e-06,0.001,"[256, 28]",0,0.5118104926247643,0.4066051136363636,0.2057229774693411,0.6585514303104077,0.1219017575484452,-0.0081183119253678,40.59818742925471,0.6580927350304343,0.6660971679860895,0.5142081304449678,0.7328447701532311,0.1731958762886598,0.2418426103646833,0.1349036402569593,-0.0107570141553878,0.0107570141553878,0.6491197943687439,0.6491305232048035,0.4620585076135717,0.496996996996997,0.6578140960163432,0.9969040247678018,0.4908536585365853,-0.0109626799821853,0.0109626799821853,0.693144679069519,0.6931556463241577,<built-in function iter>
100,100,1e-05,2.0000000000000003e-06,0.001,"[256, 28]",4,0.5003409075563365,0.6999289772727273,0.1625371655104063,0.2537128712871287,0.1195683872849227,-0.0426239617846228,36.89506099007347,0.5201720210638914,0.527447224153172,0.5554058898475461,0.5009993337774816,0.2200624783061437,0.611969111969112,0.1341515023275497,-0.047046385705471,0.047046385705471,0.4491420388221741,0.4491890966892242,0.4517777035626281,0.5195195195195195,0.1351351351351351,0.0773993808049535,0.5319148936170213,-0.0473227649927139,0.0473227649927139,0.7286769151687622,0.7287242412567139,<built-in function iter>
100,100,1e-05,2.0000000000000003e-06,0.001,"[256, 28]",3,0.4891139922771113,0.1701704545454545,0.2137281292059219,0.9446757882212968,0.1204947264587601,-0.0085969136519865,42.05670680999756,0.5801936648108742,0.5884821762778543,0.5689207693022532,0.5829447035309794,0.2353420195439739,0.544256120527307,0.1501298701298701,-0.0106967538595199,0.0106967538595199,0.5209218263626099,0.5209324955940247,0.446190506277699,0.5315315315315315,0.1702127659574468,0.0990712074303405,0.6037735849056604,-0.0115673094987869,0.0115673094987869,0.7059555649757385,0.705967128276825,<built-in function iter>
256,256,1e-05,2.0000000000000003e-06,0.001,"[128, 14]",1,0.5125660219854761,0.3797156531531531,0.2162738995108937,0.7012687427912342,0.1278519608873935,-0.0199176834241763,35.34436802391534,0.6395966979834411,0.6466423157185047,0.5262191009044612,0.7475016655562958,0.2021052631578947,0.2722117202268431,0.1607142857142857,-0.0354077965021133,0.0354077965021133,0.5555625557899475,0.5555979609489441,0.4899719286210725,0.5075075075075075,0.5816326530612245,0.7058823529411765,0.4945770065075922,-0.0344977229833602,0.0344977229833602,0.6998444199562073,0.6998789310455322,<built-in function iter>
256,256,1e-05,2.0000000000000003e-06,0.001,"[128, 14]",0,0.497674288456122,0.6163429054054054,0.1809166040570999,0.3650697392359005,0.1202556931681981,0.0050280125694231,40.35065607552056,0.6636173521076236,0.6716574558051855,0.498228310605696,0.4530313124583611,0.2077838533290447,0.6048689138576779,0.1254368932038835,0.0136261284351348,-0.0136261284351348,0.6064850091934204,0.6064713597297668,0.5382348428093042,0.6096096096096096,0.4672131147540983,0.3529411764705882,0.6909090909090909,0.0126883685588836,-0.0126883685588836,0.6950526833534241,0.6950399875640869,<built-in function iter>
256,256,1e-05,2.0000000000000003e-06,0.001,"[128, 14]",0,0.4969210470327018,0.1970016891891892,0.2051139134675677,0.9080814312152992,0.1156142004398366,0.0009967483882163,41.78750577703253,0.650439729024698,0.6587679225603736,0.5150726252782435,0.5203197868087941,0.1988130563798219,0.5143953934740882,0.1232183908045977,0.0112683828920125,-0.0112683828920125,0.6207340359687805,0.620722770690918,0.5385101408984646,0.5630630630630631,0.4073319755600814,0.3095975232198142,0.5952380952380952,0.0118988472968339,-0.0118988472968339,0.6938772201538086,0.6938652992248535,<built-in function iter>
256,256,1e-05,2.0000000000000003e-06,0.001,"[128, 14]",0,0.5090841250099489,0.4512246621621621,0.2026792105532262,0.5973477998794454,0.1220443349753694,0.0010492601641663,41.24293341507783,0.7180250920690932,0.7262421523772916,0.5076570924751602,0.3044636908727515,0.2090909090909091,0.7992277992277992,0.1202789076118535,0.0031223371624946,-0.0031223371624946,0.7134202122688293,0.713417112827301,0.4240944498099992,0.5180180180180181,0.1205479452054794,0.0681114551083591,0.5238095238095238,0.0029435008764266,-0.0029435008764266,0.6948034167289734,0.6948004961013794,<built-in function iter>
256,256,1e-05,2.0000000000000003e-06,0.001,"[128, 14]",0,0.4869793979658132,0.8478322072072072,0.0752780153977758,0.0554505356017643,0.1171770972037283,-0.0002568880482031,40.967804865794136,0.6657590935896108,0.6739215426445005,0.4910268774073885,0.8625360870530757,0.0578386605783866,0.0357815442561205,0.1507936507936507,0.0064728073775768,-0.0064728073775768,0.639000415802002,0.6389939188957214,0.5550280262480932,0.6231231231231231,0.4867075664621677,0.3684210526315789,0.7168674698795181,0.0066501200199127,-0.0066501200199127,0.6929919719696045,0.6929852962493896,<built-in function iter>
100,100,0.0001,2e-05,0.0001,"[256, 28]",0,0.500263091251378,0.4514204545454545,0.1985889188628345,0.58819913952059,0.1194607414804643,0.0605503330176526,38.47697525024414,0.6296308636665344,0.6303900398367104,0.5710499627541211,0.6937597157450589,0.2377003869541183,0.4064272211720227,0.16796875,0.3672388195991516,-0.3672388195991516,0.3718422651290893,0.3718055486679077,0.4374170720919946,0.5180180180180181,0.1574803149606299,0.0928792569659442,0.5172413793103449,0.3689011335372925,-0.3689011335372925,0.802748441696167,0.802711546421051,<built-in function iter>
100,100,0.0001,2e-05,0.0001,"[256, 28]",0,0.5028241376643603,0.5657670454545455,0.1848,0.4293680297397769,0.1177370030581039,0.0307284326715902,37.201299060474746,0.6719665494832125,0.6726995659507404,0.580902037607941,0.500777259604708,0.2410533423362593,0.6685393258426966,0.1470345963756178,0.1900577396154403,-0.1900577396154403,0.3702452480792999,0.3702262341976166,0.4474045257200624,0.5225225225225225,0.0755813953488372,0.0402476780185758,0.6190476190476191,0.1906359046697616,-0.1906359046697616,0.803873598575592,0.8038545250892639,<built-in function iter>
100,100,0.0001,2e-05,0.0001,"[256, 28]",0,0.5113683485608972,0.7041903409090909,0.1750841750841751,0.2695121951219512,0.1296567908477559,-0.0152714018117297,41.23180412812666,0.5145308516242287,0.5153440164782783,0.5939624182140169,0.6879857872529425,0.2514651038891849,0.4529750479846449,0.1740412979351032,0.0293206553906202,-0.0293206553906202,0.3630916178226471,0.3630886971950531,0.4399443988121564,0.5255255255255256,0.1366120218579235,0.0773993808049535,0.5813953488372093,0.0298144835978746,-0.0298144835978746,0.9912656545639038,0.991262674331665,<built-in function iter>
100,100,0.0001,2e-05,0.0001,"[256, 28]",0,0.4951673076899574,0.4110085227272727,0.198666537829742,0.6249240121580547,0.1181066176470588,-0.0129940184679898,38.70769167813388,0.5920170653950084,0.5927796973306482,0.5849638848384143,0.6915389740173218,0.2347107438016529,0.4111969111969112,0.164225134926754,0.0259598270058631,-0.0259598270058631,0.3565178513526916,0.3565152585506439,0.4488622516675843,0.521021021021021,0.200501253132832,0.1238390092879257,0.5263157894736842,0.0262364521622657,-0.0262364521622657,0.92020982503891,0.9202072024345398,<built-in function iter>
100,100,0.0001,2e-05,0.0001,"[256, 28]",0,0.4908817434284754,0.1977982954545454,0.2085347908345595,0.8980084490042245,0.1179641667987949,0.0566718173297968,41.13951663970947,0.4905205742879347,0.4913311039196361,0.6152303412019732,0.7401732178547635,0.2830882352941176,0.4350282485875706,0.2098092643051771,0.2465599179267883,-0.2465599179267883,0.3653784990310669,0.3653538525104522,0.4096706351713618,0.5225225225225225,0.096590909090909,0.0526315789473684,0.5862068965517241,0.2459938824176788,-0.2459938824176788,0.9902774691581726,0.9902528524398804,<built-in function iter>
100,100,0.0001,2e-05,0.001,"[128, 14]",27,0.7410556567457551,0.7102336711711712,0.3459888800635425,0.6568154402895054,0.234850118611171,0.135449108306889,-0.6190893606068818,0.3154481414470587,0.3153281221192158,0.7597419616923993,0.7199644681323563,0.3576158940397351,0.6635160680529301,0.2447698744769874,0.0441996157169342,-0.0441996157169342,0.3179864585399627,0.3179422616958618,0.6558322577151161,0.6321321321321322,0.5569620253164558,0.4767801857585139,0.6695652173913044,0.0750540792942047,-0.0750540792942047,1.155564308166504,1.155489206314087,<built-in function iter>
100,100,0.0001,2e-05,0.001,"[128, 14]",0,0.5141615590044862,0.4118806306306306,0.2034318398474738,0.652200488997555,0.1205105037271289,0.3629595189615412,32.13066390827969,0.4301318363831924,0.4365269264970814,0.6410448768215844,0.6024872307350655,0.2693877551020408,0.6179775280898876,0.1722338204592902,0.9310848712921144,-0.9310848712921144,0.3553400337696075,0.3544089496135711,0.4255927935083808,0.527027027027027,0.1274238227146814,0.0712074303405572,0.6052631578947368,0.9298748970031738,-0.9298748970031738,0.8985992074012756,0.8976693153381348,<built-in function iter>
100,100,0.0001,2e-05,0.001,"[128, 14]",0,0.5077405446175223,0.2363457207207207,0.2199856218547807,0.892128279883382,0.1254612546125461,0.008651364225525,38.95247279845916,0.4860810213260823,0.4938415561667433,0.61746284383372,0.7737064179435932,0.2808750882145377,0.381957773512476,0.2220982142857142,0.2712690830230713,-0.2712690830230713,0.3505258858203888,0.350254625082016,0.4191751888725415,0.5225225225225225,0.1358695652173913,0.0773993808049535,0.5555555555555556,0.2690967321395874,-0.2690967321395874,0.8917416334152222,0.8914725184440613,<built-in function iter>
100,100,0.0001,2e-05,0.001,"[128, 14]",0,0.5026418287938804,0.2611204954954955,0.2021583827329381,0.8317698561601,0.1150618565619863,0.3491551973395519,36.32945455087198,0.4709362340671522,0.4781688695179448,0.6265094005997394,0.7799244947812569,0.294661921708185,0.3996138996138996,0.2333709131905298,0.9786823987960817,-0.9786823987960817,0.3523517847061157,0.3513731062412262,0.4160611613066279,0.521021021021021,0.1114206128133704,0.0619195046439628,0.5555555555555556,0.975916862487793,-0.975916862487793,0.9485594630241394,0.947583556175232,<built-in function iter>
100,100,0.0001,2e-05,0.001,"[128, 14]",0,0.5181498200640972,0.2961711711711711,0.2125984251968503,0.8064516129032258,0.1224378741157264,0.019284271089746,34.57961999188672,0.5259156683543781,0.5328122074883266,0.629160242222867,0.7770375305351988,0.3113854595336077,0.4274952919020716,0.2448759439050701,0.4017497301101684,-0.4017497301101684,0.355177104473114,0.3547753691673279,0.4319833196436469,0.527027027027027,0.1463414634146341,0.0835913312693498,0.5869565217391305,0.4029882550239563,-0.4029882550239563,0.8864955306053162,0.8860925436019897,<built-in function iter>
256,128,0.0001,2.0000000000000003e-06,0.001,"[256, 28]",0,0.4909593058086033,0.1661931818181818,0.2065423087320897,0.9403076923076924,0.1160124515982081,0.0232053132643076,40.7407393022017,0.7123718976974487,0.7204081099163403,0.5396768503781194,0.5625138796357984,0.2138866719872306,0.5066162570888468,0.1355589276681841,0.106751337647438,-0.106751337647438,0.5549163818359375,0.5548096299171448,0.4562637084909151,0.5225225225225225,0.1497326203208556,0.0866873065015479,0.5490196078431373,0.107192650437355,-0.107192650437355,0.6976544260978699,0.6975472569465637,<built-in function iter>
256,128,0.0001,2.0000000000000003e-06,0.001,"[256, 28]",0,0.5017236202891007,0.2737215909090909,0.2101035068747103,0.8148591971240263,0.1205994502083887,0.0153810701586983,40.418858432769774,0.535583050142635,0.5435467937426133,0.6115796297711761,0.7443926271374639,0.2701331642358909,0.398876404494382,0.2042186001917545,0.0560762993991375,-0.0560762993991375,0.3820990920066833,0.3820430040359497,0.4374983075937141,0.524024024024024,0.0864553314121037,0.0464396284829721,0.625,0.0563580878078937,-0.0563580878078937,1.0382471084594729,1.0381907224655151,<built-in function iter>
256,128,0.0001,2.0000000000000003e-06,0.001,"[256, 28]",0,0.5017312553236424,0.2065340909090909,0.2094537220492499,0.8958837772397095,0.1185897435897435,-0.036313897608356,38.68009385195646,0.5299417251890356,0.5375649466644633,0.5829478815899957,0.545414168332223,0.2370480805068953,0.6103646833013435,0.1470860314523589,-0.1089566051959991,0.1089566051959991,0.3693955242633819,0.3695044815540313,0.4593596837231133,0.53003003003003,0.128133704735376,0.0712074303405572,0.6388888888888888,-0.1091495752334594,0.1091495752334594,0.995478093624115,0.9955872297286988,<built-in function iter>
256,128,0.0001,2.0000000000000003e-06,0.001,"[256, 28]",0,0.5025772191688574,0.4321732954545454,0.2004200420042004,0.6091185410334347,0.1199425424946133,0.0675678352063352,38.04876168857921,0.5374518735842271,0.5449523840427399,0.6005643750938607,0.7597157450588496,0.2537931034482759,0.3552123552123552,0.1974248927038626,0.1930634677410125,-0.1930634677410125,0.3642022013664245,0.364009141921997,0.4162597369774978,0.5180180180180181,0.1108033240997229,0.0619195046439628,0.5263157894736842,0.1918777525424957,-0.1918777525424957,0.9811445474624634,0.9809526801109314,<built-in function iter>
256,128,0.0001,2.0000000000000003e-06,0.001,"[256, 28]",0,0.4922607140230217,0.1745738636363636,0.2087418300653594,0.9330493000608644,0.1175162897661939,-0.0005558765408667,41.22243538769808,0.5487387944351543,0.5568634838927877,0.5962720683200482,0.6728847435043305,0.249617931737137,0.4613935969868173,0.1710893854748603,0.0196177586913108,-0.0196177586913108,0.3820916712284088,0.3820720613002777,0.4426251703688995,0.5255255255255256,0.1123595505617977,0.0619195046439628,0.6060606060606061,0.019791655242443,-0.019791655242443,1.0357458591461182,1.0357260704040527,<built-in function iter>
100,256,0.0001,2e-05,0.001,"[256, 28]",0,0.4922370786683022,0.2021306818181818,0.2056286239570075,0.895871842267406,0.1161434619378544,0.1026077646762132,41.06049926931208,0.5591422481970354,0.5672399886217985,0.576754575820337,0.7446147013102377,0.2513020833333333,0.3648393194706994,0.1916583912611718,0.4050016403198242,-0.4050016403198242,0.3660562634468078,0.3656512498855591,0.4386807354520755,0.496996996996997,0.640171858216971,0.9226006191950464,0.4901315789473684,0.406161367893219,-0.406161367893219,0.9749637842178344,0.974557638168335,<built-in function iter>
100,256,0.0001,2e-05,0.001,"[256, 28]",0,0.4970952521743415,0.1433948863636363,0.2086477265271307,0.9754601226993864,0.1168172801410623,-0.0598072182725776,38.06912334615534,0.5606745627793399,0.5681748992356386,0.6005196641009019,0.6095936042638241,0.25,0.548689138576779,0.161878453038674,-0.2043139636516571,0.2043139636516571,0.3653914034366607,0.3655957281589508,0.4622751356181571,0.524024024024024,0.1409214092140921,0.0804953560371517,0.5652173913043478,-0.2040080726146698,0.2040080726146698,0.8786833882331848,0.878887414932251,<built-in function iter>
100,256,0.0001,2e-05,0.001,"[256, 28]",0,0.4986737740212227,0.4955965909090909,0.1969696969696969,0.5190703218116806,0.1215461903432877,0.02279864766381,36.992619306390935,0.612505890564485,0.6197918354337866,0.5630119607330877,0.6351321341328003,0.2260951483749411,0.4606525911708253,0.149812734082397,0.1248515844345092,-0.1248515844345092,0.3771876394748688,0.3770627975463867,0.4545667891216637,0.521021021021021,0.1260273972602739,0.0712074303405572,0.5476190476190477,0.1246430575847625,-0.1246430575847625,0.8038240671157837,0.8036994338035583,<built-in function iter>
100,256,0.0001,2e-05,0.001,"[256, 28]",0,0.497734841756725,0.4995738636363636,0.1974943052391799,0.517921146953405,0.1220095693779904,0.04373190917752,36.01957784999501,0.5164011787284505,0.5235020762226799,0.5930940350639222,0.7061958694203864,0.2427017744705209,0.4092664092664093,0.1724979658258747,0.2488285899162292,-0.2488285899162292,0.3619384467601776,0.3616896271705627,0.4505411187031203,0.5195195195195195,0.1836734693877551,0.1114551083591331,0.5217391304347826,0.2490442991256714,-0.2490442991256714,1.0167261362075806,1.016477108001709,<built-in function iter>
100,256,0.0001,2e-05,0.001,"[256, 28]",0,0.5053880332915065,0.7740767045454545,0.1446625436945415,0.1640243902439024,0.1293891293891294,0.0607401964339343,38.85480189756914,0.5445806698365645,0.5522476777770304,0.5794191639024964,0.5829447035309794,0.2415185783521809,0.5630885122410546,0.1537275064267352,0.3327175974845886,-0.3327175974845886,0.3680136203765869,0.3676809072494507,0.460469902246613,0.524024024024024,0.1501340482573726,0.0866873065015479,0.56,0.3333767056465149,-0.3333767056465149,0.9980747699737548,0.997741401195526,<built-in function iter>
128,128,0.0001,2.0000000000000003e-06,0.0001,"[256, 28]",0,0.498123997821583,0.3137784090909091,0.2095876963350785,0.7566450088600118,0.1216408698129332,0.0288023769178173,37.52678783590143,0.6043760045008226,0.6051159031902662,0.5682355918384432,0.6899844548079058,0.2278761061946903,0.389413988657845,0.1610633307271305,0.1467643976211547,-0.1467643976211547,0.3621784746646881,0.3621638119220733,0.4387890494543682,0.5225225225225225,0.1117318435754189,0.0619195046439628,0.5714285714285714,0.1460058987140655,-0.1460058987140655,0.9122447371482848,0.9122301340103148,<built-in function iter>
128,128,0.0001,2.0000000000000003e-06,0.0001,"[256, 28]",0,0.4986910046710168,0.7416193181818181,0.1574803149606299,0.2135678391959799,0.1247248716067498,0.0403573913330381,43.14575250799005,0.5625599536028776,0.5634103349755026,0.611976195666226,0.6449033977348434,0.2621135209967697,0.5318352059925093,0.1739130434782608,0.1574116200208664,-0.1574116200208664,0.3653149008750915,0.3652991652488708,0.4248707001597631,0.5225225225225225,0.1451612903225806,0.0835913312693498,0.5510204081632653,0.1583603769540786,-0.1583603769540786,0.933321475982666,0.9333056211471558,<built-in function iter>
128,128,0.0001,2.0000000000000003e-06,0.0001,"[256, 28]",0,0.5066501606259698,0.6786221590909091,0.1774222868569351,0.2920406941950927,0.1274151436031331,0.0205976503181525,42.13038591905074,0.5477630230513486,0.5485934599659659,0.5793609631055682,0.5762824783477681,0.2380191693290734,0.5719769673704415,0.1502773575390822,0.0760378241539001,-0.0760378241539001,0.357048362493515,0.3570407629013061,0.4538717742736192,0.5255255255255256,0.1318681318681318,0.0743034055727554,0.5853658536585366,0.0765313059091568,-0.0765313059091568,0.9223366975784302,0.9223290681838988,<built-in function iter>
128,128,0.0001,2.0000000000000003e-06,0.0001,"[256, 28]",0,0.4935775865740856,0.8191761363636364,0.1110335195530726,0.0955528846153846,0.1325,0.0081315963105721,41.89983079216697,0.7195986563509161,0.7204243997296418,0.5669981058312301,0.5247612702642682,0.2263195950831526,0.6042471042471043,0.1392348754448398,0.05337356030941,-0.05337356030941,0.5022208094596863,0.5022154450416565,0.4661112565326882,0.527027027027027,0.1322314049586777,0.0743034055727554,0.6,0.0536437481641769,-0.0536437481641769,0.7051918506622314,0.7051864862442017,<built-in function iter>
128,128,0.0001,2.0000000000000003e-06,0.0001,"[256, 28]",0,0.5088668732285616,0.525,0.1947989405249217,0.5006188118811881,0.1209267563527653,-0.0003336139700629,42.564645411751485,0.5928458918224682,0.5936845366425947,0.5859955659484565,0.5269820119920053,0.2441447835344216,0.647834274952919,0.1504153913423699,-0.0006715804338455,0.0006715804338455,0.3862063288688659,0.3862063884735107,0.4177580806758794,0.524024024024024,0.1409214092140921,0.0804953560371517,0.5652173913043478,-5.2422285079956055e-05,5.2422285079956055e-05,1.0144284963607788,1.0144284963607788,<built-in function iter>
256,256,0.0001,2.0000000000000003e-06,0.001,"[256, 28]",0,0.4892265226369769,0.1392755681818182,0.2066121112929623,0.97467572575664,0.1155536028119507,0.0087013769556175,38.6612287087874,0.5328994929790497,0.540520974779129,0.5903652569680238,0.7523872973573174,0.2707652060170045,0.391304347826087,0.207,0.0419132076203823,-0.0419132076203823,0.3724838197231293,0.3724419176578522,0.4639540026536931,0.524024024024024,0.1501340482573726,0.0866873065015479,0.56,0.0407370962202549,-0.0407370962202549,1.009048581123352,1.0090078115463257,<built-in function iter>
256,256,0.0001,2.0000000000000003e-06,0.001,"[256, 28]",0,0.4978323775089981,0.1915482954545454,0.2038189830034272,0.9111944965603502,0.1147424791305717,-0.0121519692580808,38.05880080136386,0.5500458115881139,0.5575472963463175,0.6189990214423958,0.7626027093049078,0.2878081279147235,0.4044943820224719,0.2233712512926577,-0.0103822946548461,0.0103822946548461,0.3762081563472748,0.3762185275554657,0.4139761167624944,0.5180180180180181,0.1008403361344537,0.0557275541795665,0.5294117647058824,-0.0112706199288368,0.0112706199288368,1.0189061164855957,1.018917441368103,<built-in function iter>
256,256,0.0001,2.0000000000000003e-06,0.001,"[256, 28]",0,0.4892792653138669,0.2095170454545454,0.2094047449921864,0.8863499699338545,0.1187273459524768,0.0500271481546488,38.776016772877085,0.5913600439375097,0.5990029033357446,0.5755400260866799,0.5665112147457251,0.2296764009471192,0.5585412667946257,0.1445603576751117,0.1850349605083465,-0.1850349605083465,0.3623027205467224,0.3621176779270172,0.4367220572439502,0.521021021021021,0.1212121212121212,0.0681114551083591,0.55,0.1850695013999939,-0.1850695013999939,0.9622064232826232,0.9620213508605956,<built-in function iter>
256,256,0.0001,2.0000000000000003e-06,0.001,"[256, 28]",0,0.5078117446244468,0.6134232954545454,0.1870052277819268,0.3847572218807621,0.1235201262825572,-0.0432529999451203,39.04891757965088,0.653677062554793,0.6613722276600922,0.5727535206832571,0.5449700199866756,0.2259161314695882,0.5772200772200772,0.14044152184124,-0.1656858921051025,0.1656858921051025,0.4416079819202423,0.4417736530303955,0.4301961386058182,0.521021021021021,0.1014084507042253,0.0557275541795665,0.5625,-0.1641778498888015,0.1641778498888015,0.7343836426734924,0.7345477938652039,<built-in function iter>
256,256,0.0001,2.0000000000000003e-06,0.001,"[256, 28]",0,0.5022414920353715,0.8146306818181818,0.1134510869565217,0.098293113596233,0.1341365461847389,0.0715423193167556,41.26064397638494,0.5333356326276606,0.541472694977847,0.599692669780744,0.657339551410171,0.2571015888300433,0.5028248587570622,0.1727037516170763,0.2621135711669922,-0.2621135711669922,0.3713000416755676,0.3710379302501678,0.4424175685311718,0.527027027027027,0.1225626740947075,0.0681114551083591,0.6111111111111112,0.2615594565868377,-0.2615594565868377,1.003403663635254,1.0031421184539795,<built-in function iter>
100,256,0.0001,2e-05,0.0001,"[128, 14]",0,0.5146775347617155,0.4317989864864865,0.2107732916218594,0.6293053123175715,0.1265852512916862,0.3232640591512963,31.29315625439893,0.4803018008803462,0.4809247013306832,0.6191561311092992,0.7710415278703087,0.2933516106922549,0.4045368620037807,0.2301075268817204,1.079902410507202,-1.079902410507202,0.3555776178836822,0.3554696142673492,0.4233723564613815,0.5225225225225225,0.0755813953488372,0.0402476780185758,0.6190476190476191,1.072819471359253,-1.072819471359253,0.9530802965164183,0.9529730081558228,<built-in function iter>
100,256,0.0001,2e-05,0.0001,"[128, 14]",0,0.5117205898063002,0.3546593468468468,0.2127586502962136,0.7331360946745562,0.1244350708044591,0.0222671842118641,30.788663211169546,0.4461969650006509,0.4468111650398187,0.6483498518008952,0.6129247168554297,0.2716255745925616,0.6086142322097379,0.1748251748251748,0.2140668034553527,-0.2140668034553527,0.3535711765289306,0.3535497784614563,0.4547382862919604,0.53003003003003,0.1471389645776566,0.0835913312693498,0.6136363636363636,0.2158499956130981,-0.2158499956130981,0.946727693080902,0.9467061161994934,<built-in function iter>
100,256,0.0001,2e-05,0.0001,"[128, 14]",0,0.5161087822565067,0.3208755630630631,0.2092927968532328,0.7683513838748496,0.1211460013281472,0.1735396048406491,35.12900717408807,0.4770224111842679,0.4777218704242963,0.6203187857836271,0.75194314901177,0.279819471308833,0.4165067178502879,0.2106796116504854,0.8456926345825195,-0.8456926345825195,0.3515855073928833,0.351500928401947,0.4413073500076723,0.506006006006006,0.5973072215422277,0.7554179566563467,0.4939271255060729,0.8444796800613403,-0.8444796800613403,0.9386739134788512,0.9385894536972046,<built-in function iter>
100,256,0.0001,2e-05,0.0001,"[128, 14]",0,0.5068787375789497,0.3355855855855856,0.2063225155540609,0.7396021699819169,0.1198827552515876,0.2940453955450574,35.215285945583034,0.4512173791189451,0.4519182517124726,0.6249659679396191,0.770819453697535,0.2813370473537604,0.3899613899613899,0.2200435729847494,0.7535640001296997,-0.7535640001296997,0.3515888154506683,0.3515134453773498,0.4437308758089702,0.512012012012012,0.5849297573435505,0.7089783281733746,0.4978260869565217,0.7512730360031128,-0.7512730360031128,0.9959441423416138,0.9958690404891968,<built-in function iter>
100,256,0.0001,2e-05,0.0001,"[128, 14]",0,0.5057895210231048,0.3948479729729729,0.2111926605504587,0.669965075669383,0.1253539533870616,0.2306194918246956,29.45272911131919,0.4535630925281628,0.4541488554136174,0.6411860424098634,0.7666000444148345,0.3080974325213956,0.4406779661016949,0.2368421052631578,0.7148194313049316,-0.7148194313049316,0.3538413047790527,0.3537698090076446,0.4485102311601332,0.5045045045045045,0.5758354755784062,0.6934984520123839,0.4923076923076923,0.7098499536514282,-0.7098499536514282,0.9368855357170104,0.936814546585083,<built-in function iter>
256,100,1e-05,2.0000000000000003e-06,0.001,"[256, 28]",3,0.5087019752446772,0.5754261363636364,0.1980144888650389,0.4318314803978935,0.1284595300261096,-0.0427264151248064,35.67564256841486,0.5160802055488933,0.523114005318555,0.5517104087723321,0.5889407061958695,0.2225955480890382,0.500945179584121,0.1430885529157667,-0.0446933135390281,0.0446933135390281,0.4522241950035095,0.452268898487091,0.4369928422496818,0.4924924924924925,0.6411889596602972,0.934984520123839,0.4878836833602585,-0.0435899831354618,0.0435899831354618,0.735097348690033,0.7351409196853638,<built-in function iter>
256,100,1e-05,2.0000000000000003e-06,0.001,"[256, 28]",0,0.5060601145992634,0.6303977272727272,0.1848370927318295,0.3617412630288166,0.1241321270776351,0.0048402221365408,39.23909764723344,0.6846903703429482,0.6924264287168327,0.5885672482337365,0.6415722851432378,0.2464985994397759,0.4943820224719101,0.1641791044776119,0.0110553056001663,-0.0110553056001663,0.6810097098350525,0.680998682975769,0.5131917428625585,0.5405405405405406,0.331877729257642,0.2352941176470588,0.562962962962963,0.0100824981927871,-0.0100824981927871,0.6928670406341553,0.6928569674491882,<built-in function iter>
256,100,1e-05,2.0000000000000003e-06,0.001,"[256, 28]",0,0.4969115387161509,0.3303267045454545,0.2047735514885721,0.7362037598544573,0.1189263322884012,0.0065273403444073,40.56101033470848,0.6529959765347567,0.6609898976759476,0.5007136239758375,0.2853653120142127,0.2089478859390364,0.8157389635316699,0.1198195658302791,0.0108343958854675,-0.0108343958854675,0.6467190384864807,0.6467081904411316,0.4315771421350495,0.5255255255255256,0.0650887573964497,0.0340557275541795,0.7333333333333333,0.0114151686429977,-0.0114151686429977,0.6932316422462463,0.6932201981544495,<built-in function iter>
256,100,1e-05,2.0000000000000003e-06,0.001,"[256, 28]",0,0.5068436033899443,0.2232954545454545,0.2106250902266493,0.8858530661809351,0.1195215859752601,0.00537810921669,39.60866742567583,0.6326973221518777,0.6405049955974926,0.5223926112884707,0.3035753941816567,0.214822233350025,0.8281853281853282,0.1234177215189873,0.0076678842306137,-0.0076678842306137,0.6282751560211182,0.6282674670219421,0.3799925985431767,0.515015015015015,0.0182370820668693,0.0092879256965944,0.5,0.0081731528043746,-0.0081731528043746,0.6946208477020264,0.6946126818656921,<built-in function iter>
256,100,1e-05,2.0000000000000003e-06,0.001,"[256, 28]",0,0.5054729191258802,0.7352982954545455,0.1596392333709132,0.2155907429963459,0.1267454350161117,-0.0002712835642424,41.90684190229936,0.6797051082957875,0.6879657880436291,0.4642831743105695,0.1605596269153897,0.2124999999999999,0.96045197740113,0.1194659170765987,-0.0017403773963451,0.0017403773963451,0.6770049333572388,0.6770066618919373,0.6090180433075487,0.5915915915915916,0.5627009646302251,0.541795665634675,0.5852842809364549,-0.0016451925039291,0.0016451925039291,0.6926307082176208,0.6926323771476746,<built-in function iter>
256,128,1e-05,2e-05,0.0001,"[128, 14]",0,0.4971078399244854,0.8406531531531531,0.0841423948220064,0.0602549246813441,0.1394101876675603,0.0385135295171592,18.085999077202768,0.6690520085729994,0.6694105587982045,0.4846947027131933,0.7430601821008217,0.1486387049300956,0.1909262759924385,0.1216867469879518,0.1503640264272689,-0.1503640264272689,0.6542448401451111,0.6542298197746277,0.5336314977118667,0.5540540540540541,0.3999999999999999,0.3065015479876161,0.5755813953488372,0.1452150642871856,-0.1452150642871856,0.6927303671836853,0.6927158236503601,<built-in function iter>
256,128,1e-05,2e-05,0.0001,"[128, 14]",0,0.4963432392931609,0.4916948198198198,0.198624056813138,0.52065154159395,0.1227204168380639,0.0496308671327324,18.60790968491688,0.7344390245171281,0.7348077950023852,0.5247451456654239,0.3162336220297579,0.2218852666161233,0.8220973782771536,0.1282500730353491,0.1746988594532013,-0.1746988594532013,0.7066230773925781,0.7066056132316589,0.5243706505158455,0.56006006006006,0.3933747412008281,0.2941176470588235,0.59375,0.1726891100406646,-0.1726891100406646,0.6945192217826843,0.6945019364356995,<built-in function iter>
256,128,1e-05,2e-05,0.0001,"[128, 14]",0,0.5189742418251075,0.4232122747747748,0.2157144224327687,0.6575262543757293,0.1290211791642816,-0.0082077824653268,18.308824303182394,0.671057255418451,0.671420235634253,0.5278330221119799,0.4996668887408394,0.2141611440530171,0.5892514395393474,0.1308610400682012,0.0142911374568939,-0.0142911374568939,0.6533722281455994,0.6533707976341248,0.4937223009504554,0.527027027027027,0.2725173210161662,0.1826625386996904,0.5363636363636364,0.0160917192697525,-0.0160917192697525,0.6929788589477539,0.692977249622345,<built-in function iter>
256,128,1e-05,2e-05,0.0001,"[128, 14]",0,0.5005838303804955,0.3191863738738739,0.2049806854606723,0.7512048192771085,0.1186827829066336,0.0397137545451924,16.407493004759957,0.7278307117857374,0.7281555452867571,0.5234152686473892,0.7168554297135243,0.1853035143769968,0.2799227799227799,0.1384909264565425,0.139586865901947,-0.139586865901947,0.7127543091773987,0.7127403616905212,0.4338336838494796,0.515015015015015,0.592686002522068,0.7275541795665634,0.5,0.1431870311498642,-0.1431870311498642,0.6946751475334167,0.6946608424186707,<built-in function iter>
256,128,1e-05,2e-05,0.0001,"[128, 14]",0,0.4967710211480656,0.1765906531531531,0.2057166134836038,0.9277403551745256,0.1156841783750763,0.0521481911408471,20.054085991336954,0.632762362291147,0.6331602070497567,0.563057930940311,0.5907172995780591,0.2272536687631027,0.5103578154425612,0.1461704422869471,0.2076511085033416,-0.2076511085033416,0.6185910701751709,0.6185703277587891,0.5499733728077697,0.5825825825825826,0.4591439688715953,0.3653250773993808,0.6178010471204188,0.2059388011693954,-0.2059388011693954,0.6948786377906799,0.6948580145835876,<built-in function iter>
128,128,0.0001,2e-05,0.001,"[128, 14]",29,0.7356184666192692,0.7303631756756757,0.3534177215189873,0.5982857142857143,0.2507784431137724,0.0300112451418294,-0.1159326283361863,0.3300029169600289,0.3299845904951857,0.7652731887704864,0.7377304019542528,0.3687867450561197,0.6521739130434783,0.2570789865871833,0.0128078125417232,-0.0128078125417232,0.3117058277130127,0.311693012714386,0.6909711252922222,0.6501501501501501,0.6235864297253635,0.5975232198142415,0.652027027027027,0.0438682958483696,-0.0438682958483696,1.2992292642593384,1.2991853952407837,<built-in function iter>
128,128,0.0001,2e-05,0.001,"[128, 14]",32,0.7554160329989366,0.7486627252252253,0.3674047829937998,0.6265861027190333,0.2598997493734336,0.21231345926319156,-0.9473860104912305,0.309447086474917,0.3092532629405257,0.7307947454193219,0.6813235620697313,0.3291257597007948,0.6591760299625468,0.2193146417445483,0.12540489435195923,-0.12540489435195923,0.3341009020805359,0.33397549390792847,0.6844677720712345,0.6471471471471472,0.5898778359511345,0.5232198142414861,0.676,0.03251737356185913,-0.03251737356185913,1.3605562448501587,1.3605237007141113,<built-in function iter>
